[
  {
    "Id": "Educating-Children",
    "Maker": null,
    "img": "https://image.volunteerworld.com/af290d38c1512484603d8a1c9d761610aeb96e77/22.jpg?auto=format\u0026crop=faces\u0026fit=crop\u0026h=317\u0026w=562",
    "Url": "https://www.google.com/search?sxsrf=ALiCzsas5nQ6LiHl-I9hlxvI6lWLu9raWg:1665452932517\u0026q=educating\u002Bchildren\u002Bphotos\u0026tbm=isch\u0026sa=X\u0026ved=2ahUKEwj55LrTh9f6AhXrBDQIHRvTD_sQ0pQJegQIDhAB\u0026biw=1280\u0026bih=601\u0026dpr=1.5#imgrc=tXeIbRgbzKHooM",
    "Title": "TUTORING REFUGEE YOUTHS Place:Athens,Greece  Date :11/25/22022-08/01/2023",
    "Description": "We help kids around the world to dream big and reach their goals through better education. We help children and teens in some of the most poverty stricken areas with good education. .",
    "Ratings": [
      5,
      5,
      3,
      2,
      1,
      5
    ],
    "ProductType": 55,
    "Quantity": null,
    "Price": 0,
    "CommentList": []
  },
  {
    "Id": "jenlooper-light",
    "Maker": null,
    "img": "https://th.bing.com/th/id/OIP.3ZheTr2QZLlxfPylGsjjnAHaE8?w=250\u0026h=180\u0026c=7\u0026r=0\u0026o=5\u0026dpr=1.5\u0026pid=1.7",
    "Url": "https://www.hackster.io/agent-hawking-1/book-light-dee7e4",
    "Title": "FOOD DONATION Place:Seattle Date:01/10/2023-02/25/2023",
    "Description": " A food pantry is a distribution center where hungry families can receive food. Supplied with food from a food bank, pantries feed hundreds of people per week.",
    "Ratings": null,
    "ProductType": 1,
    "Quantity": null,
    "Price": 0,
    "CommentList": []
  },
  {
    "Id": "sailorhg-kit",
    "Maker": null,
    "img": "https://www.mvp.usace.army.mil/Portals/57/siteimages/Recreation/Lakes/100505-A-CE999-129.jpg",
    "Url": "https://as1.ftcdn.net/v2/jpg/04/42/14/26/1000_F_442142697_ZMpAWgL48tkKFpAEW9BwZyuzWftVUhss.jpg",
    "Title": " Cross Lake Recreation Area Grounds Maintenance Volunteer Place: Mineesota Date:05/01/2023-08/01/2023",
    "Description": "brings volunteers together to clean, repair, and improve public spaces or other areas that have been neglected, vandalized, or misused..",
    "Ratings": null,
    "ProductType": 130,
    "Quantity": null,
    "Price": 0,
    "CommentList": []
  },
  {
    "Id": "sailorhg-corsage",
    "Maker": null,
    "img": "https://th.bing.com/th/id/OIP.DdOuvOYXYYI-7zsAslvTMQAAAA?w=159\u0026h=180\u0026c=7\u0026r=0\u0026o=5\u0026dpr=1.5\u0026pid=1.7",
    "Url": "https://twitter.com/sailorhg/status/1090113666911891456",
    "Title": "HELP SOMALIA Place:Somalia Date:01/01/2023-12/01/2023",
    "Description": "For more than one year, Somalia has faced inadequate rainfall which has destroyed livelihoods and access to food for over 36 million people.Rush your emergency gift to help the IRC provide nutrition, water, sanitation and other critical services to families in Somalia and in crisis zones around the world..",
    "Ratings": [
      4
    ],
    "ProductType": 1,
    "Quantity": null,
    "Price": 0,
    "CommentList": []
  },
  {
    "Id": "vogueandcode-hipster-dev-bro",
    "Maker": null,
    "img": "https://npgallery.nps.gov/GetAsset/F7CCAE73-155D-4519-3EBC331967FA0595/original.jpg?",
    "Url": "https://www.thames21.org.uk/wp-content/uploads/2017/08/GRR-logo-final-300x274.jpg",
    "Title": "Habitat Restoration Assistant Place:Golden Gate National Recreation Area,California \n Date:11/13/2022-12/31/2022",
    "Description": "Help restore and protect Marin\u2019s natural areas from the Marin Headlands to Bolinas Ridge. We\u2019ll explore beautiful park sites while conducting invasive plant removal, winter planting, and seed collection. Habitat Restoration Team volunteers play a vital role in restoring sensitive resources and protecting endangered species across the ridges and valleys of the Marin Headlands, Tennessee Valley, Tam Valley, Homestead Valley, and Stinson-Bolinas Region..",
    "Ratings": null,
    "ProductType": 1,
    "Quantity": null,
    "Price": 0,
    "CommentList": []
  },
  {
    "Id": "vogueandcode-pretty-girls-code-tee",
    "Maker": null,
    "img": "https://th.bing.com/th/id/OIP.8Ur8cQrZ0Io7JthM6chiYAHaFj?w=240\u0026h=180\u0026c=7\u0026r=0\u0026o=5\u0026dpr=1.5\u0026pid=1.7",
    "Url": "https://www.shutterstock.com/image-illustration/medical-tent-isolated-3d-rendering-733550419",
    "Title": "MEDICAL CAMPS in Christian High school Place:Los Angels Date:01/01/2023-05/01/2023",
    "Description": "For high school students considering a future medical career as a doctor, nurse or even a traveling healthcare worker, this summer experience is the perfect chance to test out your interest! It\u2019s kind of like a short-term Red Cross for Teens or Doctors Beyond Borders for high schoolers, with training activities and community engagement in the field that\u2019s age appropriate and highly relevant prior to attending college..",
    "Ratings": null,
    "ProductType": 0,
    "Quantity": null,
    "Price": 0,
    "CommentList": []
  },
  {
    "Id": "ad1e13eb-271a-41ff-96d5-1e462da9643a",
    "Maker": null,
    "img": "https://bdplatform4sdgs.net/wp-content/uploads/2020/04/BRAC-Response-to-COVID-19-01.jpg",
    "Url": "https://bdplatform4sdgs.net/wp-content/uploads/2020/04/BRAC-Response-to-COVID-19-01.jpg",
    "Title": "Covid-19 Awareness Activites Place:Saltlake Date:04/03/2023-11/03/2023 ",
    "Description": "aimed to determine COVID-19-related awareness, knowledge, impact and preparedness among elderly people",
    "Ratings": null,
    "ProductType": 0,
    "Quantity": null,
    "Price": 0,
    "CommentList": []
  },
  {
    "Id": "6db8731d-2876-44e0-bf45-cc0f6337f9a2",
    "Maker": null,
    "img": "https://fastcdn.impakter.com/wp-content/uploads/2017/07/img_3135.jpg?strip=all\u0026lossy=1\u0026quality=92\u0026ssl=1",
    "Url": "https://fastcdn.impakter.com/wp-content/uploads/2017/07/img_3135.jpg?strip=all\u0026lossy=1\u0026quality=92\u0026ssl=1",
    "Title": "Women Empowerment Place:Seattle Date:02/02/2023-07/02/2023",
    "Description": "Generation Female is a community of current and future women leaders from across the globe. Our goal is to build a network that empowers, supports, inspires and connects our members, through regular events, workshops and masterclasses with experts and change-makers.",
    "Ratings": null,
    "ProductType": 0,
    "Quantity": null,
    "Price": 0,
    "CommentList": []
  }
]